actual,predicted,error,error_pct
32140.354660000005,31987.498093297992,152.85656670201206,0.4755907902044664
31986.96389,31894.30022838488,92.66366161511905,0.2896919568039662
29805.49036,29682.413320350544,123.0770396494554,0.4129341210726365
26232.86603,26207.84820238432,25.01782761568029,0.09536825898881887
32015.96129,32060.213362970568,44.252072970568406,0.13821878584164296
32002.652429999995,31839.299396671577,163.35303332841795,0.5104359199154606
32134.59094,31989.317186086013,145.27375391398527,0.4520790514658572
32427.876810000005,32382.06340544762,45.81340455238387,0.14127784196545387
32340.34191,32257.325828376914,83.01608162308548,0.2566951266443351
30251.576760000004,30163.409673534898,88.16708646510597,0.29144625142873365
26494.75093,26507.53618336999,12.785253369991551,0.0482557975493735
31905.27044,32041.891957902397,136.6215179023966,0.42820987259557164
32304.143329999995,32307.313354624446,3.170024624450889,0.009813058938191906
32075.16424,32078.445024802324,3.2807848023257975,0.010228427133771078
31257.54637,31152.000679359397,105.54569064060342,0.33766466948891044
31451.34494,31440.52524915811,10.819690841890406,0.03440136141246495
27972.24403,28025.434082839765,53.190052839763666,0.19015297014682758
24939.837430000003,25027.808083387336,87.97065338733228,0.3527314628022107
30092.76726,30095.259941341497,2.492681341496791,0.008283323763348678
30681.40288,30684.05369423274,2.650814232740231,0.008639807779024969
31045.82402,31006.55964001965,39.264379980351805,0.12647233958118598
30874.14408,30943.252555254785,69.10847525478675,0.22383932353141614
31048.84343,31022.12750069125,26.715929308749764,0.08604484533854266
29597.17471,29601.322243405983,4.147533405983268,0.014013274735246741
26448.26985,26419.39155454801,28.878295451992017,0.10918784334768884
31718.420390000003,31821.13889128723,102.71850128722872,0.3238449456947522
32582.01529,32507.61914034196,74.39614965803776,0.22833501548589372
32603.15291,32596.148535331788,7.004374668213131,0.021483734065685278
32729.88662,32741.896460153595,12.009840153594268,0.03669380310732732
32781.33015000001,32673.179224832744,108.15092516726509,0.3299162196054606
30719.376110000005,30562.646217965554,156.72989203445104,0.510198812219468
26994.8926,27004.49119841038,9.598598410379054,0.03555709056749148
32517.16574,32446.58542542248,70.58031457752077,0.21705555503165685
32657.84036,32519.692336048352,138.14802395164588,0.4230164102365215
32157.97589,32145.144818451354,12.831071548647742,0.03990012180038282
32284.390390000004,32232.940310588576,51.450079411428305,0.1593651879124991
32186.78711,32098.6652868637,88.12182313630183,0.2737826016468838
29739.07092,29742.946830226592,3.8759102265939873,0.013033057545813834
25972.593109999994,25882.988580252033,89.60452974796135,0.3449964713514175
31278.8934,31332.140873273293,53.24747327329169,0.17023451754623672
31975.33003,31804.901390732262,170.42863926773862,0.5330004072134313
32182.44948,32017.88469666168,164.5647833383191,0.5113494653058929
32367.71989,32190.192198220404,177.52769177959635,0.5484714165313928
32271.97934,32072.28383888522,199.6955011147802,0.6187891328601111
29680.48904,29598.851647555854,81.63739244414683,0.2750540677888602
26005.58118,26045.570194534408,39.98901453440703,0.15377089347713255
31657.88184,31655.8192290748,2.0626109251970774,0.006515315634891755
32302.6079,32121.940872906798,180.6670270932009,0.5592954836727002
32698.198480000003,32564.14372689433,134.05475310567272,0.40997595995286373
32874.27293,32759.239332730594,115.03359726940471,0.3499198218447252
32889.51150000001,32689.3012637764,200.21023622360735,0.6087358160476397
30624.21548,30425.257153988543,198.95832601145594,0.649676482786608
27362.25515,27351.210331741528,11.044818258473242,0.04036516068549723
32571.57271,32539.733670819664,31.83903918033684,0.09775100350177975
33193.32869999999,33107.09251070437,86.2361892956178,0.25979976300363583
33327.08965,33265.38637252471,61.70327747529518,0.1851445119369887
33318.88624000001,33189.06582167087,129.8204183291382,0.38963012567114597
33296.44219,33218.31789167755,78.12429832245107,0.23463257088144487
31504.14443,31410.279522874454,93.86490712554587,0.29794463180584735
27602.369009999995,27526.764469353267,75.6045406467274,0.2739059847339075
32798.28548,32815.67135214586,17.38587214586005,0.053008478618377
33101.26369,32950.1662541665,151.09743583350064,0.45647029445328297
33015.096600000004,32943.0035339274,72.09306607260078,0.21836394103599494
32727.71362,32710.499786879587,17.213833120411437,0.052597114849758445
33081.670640000004,33074.16830029707,7.502339702936297,0.02267823709563507
31247.123550000004,31165.50053863101,81.6230113689926,0.26121768052788524
27111.90146,27046.717652860378,65.18380713962324,0.24042506659222432
27809.661879999992,27726.671647951054,82.9902320489382,0.29842229800220144
30904.20571,30903.355637764154,0.8500722358439816,0.002750668448886602
29944.86822,29932.32509227544,12.543127724558872,0.041887403318680794
25657.27405,25663.08856539598,5.814515395981289,0.02266224925005737
24290.29176,24186.673921233934,103.61783876606569,0.42658128518941135
26400.591970000005,26444.19159701681,43.599627016803424,0.16514639924115085
25150.74648,25085.9161936454,64.83028635460141,0.2577668476208242
30432.487109999995,30485.079282120165,52.59217212017029,0.17281588563587597
30796.194980000004,30449.358479087594,346.83650091241,1.1262316696515795
31253.45243,31247.04620375262,6.40622624738171,0.02049765945611952
30778.77575,30672.38735089773,106.38839910227034,0.3456550707747703
30767.530090000004,30767.990791660533,0.46070166052959394,0.0014973631590900116
29622.511579999995,29438.966241414422,183.5453385855726,0.6196143702733684
26404.98457,26377.279314833784,27.705255166216375,0.10492433764833053
31731.945479999995,31708.236400735743,23.70907926425207,0.0747167528041904
31591.77913,31528.82476511433,62.95436488567066,0.19927451577391003
32526.10729,32445.770014880134,80.33727511986581,0.24699320580721668
32689.7794,32680.15628357764,9.623116422360908,0.02943769153229865
33351.399750000004,32979.39795301245,372.0017969875553,1.115400852066352
33058.86926,33288.93065210803,230.0613921080294,0.6959142803664949
32228.53188,32449.417696906978,220.88581690697902,0.6853734998833556
25340.66428,30791.213638200712,5450.549358200711,21.50910212129889
29530.69319000001,29522.690955008085,8.002234991923615,0.027098026248274506
30421.81561,30359.648948748658,62.16666125134361,0.20434895158232672
31002.772840000005,30947.081310668542,55.691529331463244,0.17963402699132003
30643.358320000003,31667.957974872177,1024.5996548721741,3.3436271709274394
28075.51436,28028.944896268626,46.569463731375436,0.16587216581051958
23954.64283,23906.225811593507,48.4170184064933,0.2021195588266398
30573.3203,20532.86139694614,10040.45890305386,32.84059043810777
26782.50849,26504.394155299797,278.1143347002035,1.0384177972128534
30098.94949,23526.289602421242,6572.659887578757,21.836841481003983
27033.176850000003,27069.363066010217,36.186216010213684,0.13385854060364968
23839.59002,23974.558611489872,134.96859148987278,0.5661531568984288
30164.72977,30141.704797147522,23.02497285247955,0.07633077779260858
31020.02860000001,30885.26931859428,134.75928140572796,0.4344266833001177
30068.548000000003,29818.2351127564,250.31288724360275,0.832474142893773
29861.47242,29859.93046401178,1.5419559882175236,0.005163697109539663
29907.25235,29936.00491616248,28.752566162482253,0.09613910975838023
27674.25763,27704.174574230627,29.91694423062654,0.10810387266972388
22973.037110000005,22860.829530159946,112.20757984005832,0.48843163097148845
24248.21363,24264.658041033425,16.44441103342615,0.0678169999833763
29841.620719999995,29652.256886649073,189.3638333509225,0.6345628313143528
29564.09817,29370.3668616424,193.73130835760094,0.6552924673825792
29929.31462,29798.224564781212,131.09005521878862,0.43799885457847687
30297.39414,30176.852860613555,120.54127938644524,0.39786022134260435
28671.15348,28441.33821539077,229.81526460923124,0.801555698725349
25736.57883,25810.65557701675,74.07674701675205,0.2878267057407181
30487.53703,30306.86158250598,180.67544749402077,0.5926206741995412
30527.032100000004,30478.990552557076,48.04154744292828,0.15737379017244285
30581.85015,30537.963439387426,43.88671061257264,0.143505740814614
30009.259340000008,30082.452462512145,73.19312251213705,0.24390179605191495
29518.510780000004,29590.974522612847,72.4637426128429,0.24548576705956338
27485.79404,27545.791829879603,59.99778987960235,0.21828654392260866
24649.36105,24731.41529545764,82.0542454576389,0.3328858922192586
29785.88508,29938.675581181942,152.7905011819421,0.5129627700220151
29800.7261,29695.05301589942,105.67308410058104,0.3545990246881301
30424.70879,30462.212538695272,37.5037486952715,0.12326740398448197
30857.22879,30900.395280805238,43.16649080523712,0.13989101581029278
29708.14745,29671.223212362474,36.92423763752595,0.12428993662318027
27011.559920000003,27067.83894379019,56.27902379018633,0.20835162410785465
25047.263749999995,25210.93700579363,163.67325579363387,0.653457628854305
24560.769359999995,24658.86185091626,98.09249091626407,0.3993868818947457
29514.34568,29543.309152166777,28.963472166778956,0.09813353980740852
30141.63185000001,30222.200755631096,80.56890563108755,0.26730107391676444
30454.72786,30485.06312482816,30.3352648281616,0.09960773567773264
30679.28335,30684.013596764922,4.730246764920594,0.015418374382987645
28885.68642,28737.7016391103,147.98478088970296,0.5123118029393291
23789.79401,23766.56645808813,23.22755191187025,0.09763662477323926
24464.101589999995,24455.461882525105,8.639707474889292,0.03531585839400242
29085.05012,29168.239402681433,83.18928268143281,0.28602076440717106
30413.96014999999,30391.28695895751,22.673191042482358,0.07454863138722947
30596.019840000004,30540.601979341907,55.4178606580972,0.18112767918148007
29847.20781,29728.17345447264,119.03435552736119,0.39881236558241795
27307.26591,27236.853231452656,70.41267854734178,0.2578532716508849
22829.29443,22888.904641875666,59.61021187566439,0.26111280862596675
29084.775640000003,29110.59983831408,25.824198314076057,0.08878940182904589
29545.102620000005,29303.747679795295,241.35494020471015,0.8169033741698004
29477.08395,29328.621419728934,148.4625302710665,0.5036540606353516
29532.15675,29424.311562251674,107.84518774832395,0.36517884102157205
29888.663929999995,29731.032886479396,157.63104352059963,0.527394077867701
27587.32813,27451.101321740458,136.22680825954376,0.4938021094960737
23801.940760000005,23852.33470077185,50.393940771846246,0.21172198216934912
29170.525239999995,29163.317910944348,7.207329055647278,0.02470757381414665
29396.43174,29344.359936923098,52.07180307690214,0.1771364753976162
29090.29891,29115.037350352843,24.73844035284128,0.08504017242785106
28877.58960999999,28842.185436259406,35.404173740585975,0.12260086184037293
28517.07173,28537.199616670307,20.127886670306907,0.0705818846369571
26885.78131,26877.96847725414,7.812832745858032,0.0290593479719784
23477.00731,23553.98124573172,76.9739357317194,0.3278694542082135
23667.81572,23962.39744822292,294.5817282229218,1.2446510979633478
28586.4364,28582.50653859849,3.9298614015096973,0.01374729380927557
29205.362610000004,29201.723440715174,3.639169284830132,0.012460620104008124
29301.05182,29296.329872952923,4.721947047077265,0.016115281717819455
28667.16168,28597.540265486747,69.62141451325442,0.24286120576013168
27225.54733,27283.34702167869,57.79969167869058,0.21229946629943683
23944.01264,24054.555880489588,110.54324048958733,0.4616738311644465
29466.427950000005,29477.580043259182,11.15209325917749,0.03784677694256283
30160.36821,30073.236706344356,87.13150365564434,0.2888940315614414
30526.954310000005,30430.220020495264,96.73428950474045,0.31688156152889535
30719.50949,30712.19190929447,7.317580705530418,0.023820630039397214
30231.84354,30162.22151927387,69.62202072613218,0.2302936657965126
28055.8316,27984.204916489998,71.6266835100032,0.25530051837780204
24758.85995,24791.05798224643,32.198032246433286,0.13004650582238658
29627.84565,29869.286448610732,241.4407986107326,0.8149117605880758
30780.95207,30717.535082336744,63.416987663254986,0.20602672561601176
31119.175680000004,31122.34383823598,3.1681582359742606,0.010180726727958946
30985.494700000007,30904.25474565868,81.23995434132667,0.2621870495465307
30561.79044,30499.393139829346,62.39730017065449,0.20416768544092695
26718.47613,26665.985679260044,52.49045073995512,0.19645750185961341
25276.579080000003,25479.817307274756,203.23822727475272,0.804057489866436
30658.57553,30663.94974873134,5.374218731340079,0.01752925124026491
31193.71726,31073.169243256652,120.54801674334885,0.3864496678564459
31478.14797,31371.235648136328,106.91232186367415,0.3396398097040718
31877.15161,31725.284085958487,151.86752404151412,0.47641497552708756
31794.269980000005,31710.197595864764,84.07238413524101,0.26442621323944926
28727.78692,28520.888179225713,206.89874077428613,0.7202042445888698
25587.65324,25595.247007527814,7.593767527814634,0.02967746770908888
31275.57736,31311.67160422145,36.094244221450936,0.1154071236031402
31493.54741,31350.098209749023,143.449200250976,0.4554875904688566
31556.4868,31401.452772744033,155.03402725596607,0.49129051734607565
30954.265680000004,30873.03758922021,81.228090779794,0.2624132377085483
31379.72960000001,31328.554487140344,51.175112859666115,0.16308334556097034
29035.97059,28921.238903616762,114.73168638323841,0.39513639135160183
25380.96755,25321.940845296314,59.026704703686846,0.2325628626544887
29863.04904,29877.11370653361,14.064666533609852,0.04709722210471865
29210.62516,29284.668611817575,74.04345181757526,0.25348122955946784
25904.55220000001,26079.808646021356,175.25644602134707,0.676546904452365
30571.80967,30807.133083525132,235.32341352513322,0.7697398880382773
30275.52091,30224.397119299374,51.12379070062525,0.16886180374105164
27876.26466,27921.77296612624,45.508306126237585,0.16325109078024366
24631.575340000003,24684.15466193565,52.57932193564557,0.21346309040274955
30197.67993000001,30315.84947867029,118.16954867028107,0.39131995883195336
29806.38982,29830.509758579105,24.1199385791042,0.08092203961890009
30850.22188,30828.0456594615,22.176220538502093,0.07188350419248944
31673.500010000003,31600.28763748174,73.2123725182646,0.23114708666598224
31441.27951,31384.74805106319,56.53145893680994,0.17980012206192159
28901.49787,28832.829031989208,68.66883801079166,0.23759612155628274
25168.49071,25202.960221610792,34.46951161079414,0.136955020497509
25891.10115,25982.38849499899,91.28734499899292,0.3525819333450518
31193.316980000003,31215.17150260729,21.854522607285617,0.07006155395816971
31774.131010000005,31683.39884658954,90.73216341046282,0.28555356362667306
31572.00705,31442.60017814657,129.40687185342904,0.409878509302528
31082.83603,30972.19168558902,110.6443444109791,0.35596605246763613
28447.49368,28414.078992616403,33.414687383596174,0.1174609185591923
24968.40436,25027.185944639376,58.78158463937507,0.23542387327539688
30274.2232,30291.42450942512,17.20130942511969,0.05681833456628439
30921.752030000007,30814.72570038457,107.02632961543713,0.34611987545725464
31691.69947,31566.15861138859,125.54085861140993,0.3961316707873285
31332.59574,31166.617921750196,165.97781824980484,0.5297289111540583
30996.15915,30891.789594110032,104.36955588996716,0.3367177055224507
29036.41278,28981.68701173143,54.72576826857039,0.1884728967149309
24819.301280000003,24673.747036886114,145.55424311388924,0.586455845278692
29514.33292,29558.225004330776,43.892084330775106,0.1487144718796345
30910.287860000004,30786.098918586762,124.18894141324199,0.4017721930501684
31519.86656999999,31374.06620532501,145.80036467498212,0.46256656687040715
30629.80428,30532.167417014618,97.63686298538232,0.3187642405182953
31716.98743,31587.235948832236,129.75148116776472,0.40909144178377194
29718.61718,29466.725694601828,251.89148539817324,0.8475881763694271
26442.77994,26403.749881838292,39.03005816170844,0.14760194748914301
31501.97794,31494.875387163756,7.102552836244286,0.022546371055722624
32382.03266,32241.771326462247,140.26133353775367,0.43314555022054524
32567.938980000006,32431.412859394735,136.526120605271,0.4192040542974235
32262.07838,32156.38940381259,105.68897618740812,0.32759506359927243
31788.88981,31657.05531877693,131.83449122307138,0.4147187649868776
30101.55524,30078.824322292337,22.730917707664048,0.07551409728311449
27201.30366,27226.7251079097,25.421447909699054,0.09345672629316566
32581.878780000003,32613.133522855805,31.25474285580276,0.0959267667369388
31852.49316,31731.295244354184,121.19791564581828,0.38049742303380274
32794.26772,32728.48208254726,65.78563745274369,0.20060102580861555
33419.40834999999,33413.17874971886,6.229600281127205,0.018640665974349026
32736.84809,32626.21080831042,110.63728168957823,0.33795948035502593
29508.048100000007,29495.75337142764,12.294728572367603,0.04166567890462264
25590.696769999995,25514.893200087874,75.80356991212102,0.2962153418229145
30846.249610000006,30960.8771027648,114.62749276479371,0.3716091719870956
31988.34588,31890.251094627118,98.09478537288305,0.3066578864092333
31775.99246,31585.737610004628,190.25484999537366,0.598737711292161
31143.877340000006,31093.94996635016,49.92737364984714,0.16031200323834544
30847.42737,30889.93349576838,42.50612576837739,0.13779471869254095
28367.71698,28397.644033292974,29.92705329297314,0.10549686925483823
24539.9899,24540.357337632497,0.3674376324961486,0.0014973014821662522
29413.79966,29554.252410871322,140.45275087132177,0.47750631504546587
30069.48272,30202.870939455035,133.38821945503514,0.4435999804090915
30452.776399999995,30389.751225120835,63.02517487915975,0.20696035741148305
31222.74506,31214.14238552505,8.602674474950618,0.027552588532555558
31227.56919,31165.713903117186,61.855286882811924,0.19807909641144864
28225.08919,28161.721888141863,63.36730185813576,0.22450700308357738
25255.07951,25285.201834642274,30.12232464227418,0.11927234135353622
30176.79847,30258.98316016215,82.18469016215022,0.27234396731599414
30222.31153,30224.984060797553,2.672530797553918,0.008842906654909723
30287.439139999995,30345.00484936649,57.56570936649587,0.1900646307547013
29961.36286,29934.71819443021,26.64466556979096,0.0889300853712599
30577.58705999999,30680.515021307907,102.92796130791612,0.3366124380774346
28780.76507,28742.667806532012,38.09726346798925,0.1323705724129635
25102.662349999995,25060.191294190616,42.47105580937932,0.16918944778532358
25879.35334,26023.643202445823,144.2898624458212,0.5575481757606436
30868.488510000006,30952.30455113354,83.81604113353387,0.2715262235997763
31175.7477,31096.51576232086,79.23193767913835,0.254146070341525
31579.14527,31582.26111559627,3.1158455962686276,0.009866782554208845
31442.84961,31273.33093259083,169.51867740917078,0.5391326788500032
29241.04662,29150.97614997743,90.07047002257241,0.30802751759564895
25623.65761,25655.559196419406,31.901586419407977,0.124500517861111
30388.77417,30392.042596595962,3.2684265959615004,0.010755374921269817
30070.12049,30070.134786516024,0.014296516023023287,4.754392662901926e-05
30518.94051,30605.31269211994,86.37218211993968,0.28301173198210633
30866.08154,30888.598974383687,22.51743438368794,0.07295203427265987
31568.283820000004,31544.320808872584,23.96301112742003,0.07590850127949728
29651.33775,29497.693322956507,153.6444270434913,0.5181703042841341
26033.41097,26034.003067982263,0.592097982262203,0.0022743772721312474
30988.92605,31300.236036290076,311.3099862900781,1.0045846241582743
31492.63096,31425.43849177466,67.1924682253375,0.21335933574645208
31252.74431000001,31231.44328088948,21.301029110527452,0.068157307720691
30016.27555,30100.989309914174,84.71375991417517,0.2822260868876358
30675.30292,30775.550839614047,100.24791961404844,0.3268033566791211
28321.584490000005,28354.82316531744,33.23867531743599,0.1173616374789064
24557.99893,24533.175797683278,24.823132316723786,0.10107962129764529
25004.510700000003,25105.686422196104,101.17572219610156,0.40462988222401625
29854.561,29916.29704367516,61.736043675158726,0.20678931998081876
30951.47255,30973.291988271714,21.819438271715626,0.07049563873404668
31045.784779999994,31073.61600074345,27.83122074345374,0.08964573110544427
29714.72462,29658.762419865638,55.96220013436323,0.18833154555535378
27604.2367,27662.49642010756,58.25972010755868,0.2110535449348566
23882.43107,23914.331742440078,31.90067244007878,0.13357380723334702
24283.47322,24325.90694977045,42.433729770451464,0.17474324774720784
29533.78242,29488.802602257452,44.97981774254731,0.1522995500640223
30230.941279999995,30129.90866052581,101.0326194741865,0.334202691667517
30531.88526999999,30421.507062012195,110.37820798779649,0.3615178264024589
30516.248160000003,30469.80653820797,46.4416217920334,0.1521865386220971
28548.25288,28382.299178806144,165.95370119385552,0.5813094829005016
25279.17118,25261.92775230313,17.24342769687064,0.0682119978305026
30236.84478,30189.50368832977,47.341091670230526,0.15656756521614332
30567.703549999995,30427.47867204563,140.2248779543661,0.4587354026284586
30238.31006,30218.222100233626,20.087959766373388,0.066432150892408
30206.76234,30188.295887748147,18.466452251854207,0.06113350396179601
30184.34627,30140.97730207277,43.36896792722837,0.14368032866867972
27926.14435,27970.892820778226,44.748470778227784,0.16023862878237893
24617.48645,24553.340011098622,64.14643890137813,0.2605726585111135
30062.982130000004,30078.165240027072,15.183110027068324,0.05050433773140895
30754.80817,30592.609216144545,162.19895385545533,0.5273938076897956
30601.08982,30437.75792294464,163.3318970553628,0.5337453601035271
31229.80353,31092.47073899055,137.3327910094522,0.4397491353973055
31210.62866,31048.28612951546,162.34253048453684,0.5201514274289433
28860.877570000004,28668.22056807949,192.65700192051372,0.6675368808631611
25954.42784,26033.887713205466,79.45987320546556,0.3061515117779054
31119.700280000005,31135.965491519655,16.26521151965062,0.05226660724012158
31617.934640000003,31570.495168664627,47.439471335375856,0.15003975394192873
31772.51039,31768.236007762036,4.274382237963437,0.013453083138525765
31806.18331,31771.944530657613,34.238779342387716,0.1076481859161734
31530.60480000001,31526.11229596243,4.492504037578328,0.014248074421897315
28970.33517000001,28933.39939551685,36.93577448315773,0.12749515760316874
25252.33894,25245.802361728744,6.536578271257895,0.025885040933392025
31247.965860000004,31320.811155502855,72.84529550285151,0.23312011997587193
32127.02846,31955.803656984852,171.22480301514952,0.5329618431045816
32215.66453,32067.065332309114,148.59919769088447,0.4612637977791994
32029.22682,31920.647646616115,108.57917338388506,0.3390002949308942
31818.228309999995,31679.022549802805,139.2057601971901,0.43750317849545317
29499.22107,29469.346188387495,29.874881612504396,0.10127345919274605
26046.138149999995,26036.42822661231,9.709923387687013,0.03727970469851407
30454.92784,30460.068323842203,5.140483842202229,0.016878988744312946
31300.576310000004,31224.706900326175,75.86940967382907,0.2423898171152525
31748.36714,31620.45519866081,127.91194133918907,0.4028929764328947
31570.50715,31521.190021119113,49.31712888088805,0.1562126596401162
30992.455940000003,30942.84224683765,49.61369316235505,0.16008312880529674
28930.325209999995,28954.644014604924,24.318804604929028,0.084059907479101
26038.14382,26146.83890380136,108.69508380135812,0.4174455927149039
28498.82341,28657.057827051296,158.23441705129517,0.5552314029770508
26272.492090000007,26449.82918937573,177.33709937572348,0.674991541602643
22438.946540000004,22674.23768612504,235.2911461250369,1.048583745701267
27827.7835,27992.55556248539,164.77206248539005,0.5921134986744095
28340.743660000004,28215.165680961316,125.57797903868777,0.44310050768331793
27134.409410000004,26909.63410328422,224.7753067157828,0.828377368821394
24562.80327,24292.450810689366,270.352459310634,1.1006580003872417
26634.728720000006,25409.505152350936,1225.223567649071,4.600097791606381
24231.960439999995,23458.057734042344,773.902705957651,3.193727176444875
20849.00976,21185.69536576828,336.68560576827804,1.6148757645757752
25913.6124,26100.74024985654,187.12784985653707,0.7221218214120431
27628.92689,27465.00366289359,163.9232271064102,0.59330290951597
26183.85981,25994.44733713244,189.41247286756334,0.7233940077666622
22948.23295,22811.660052402836,136.57289759716514,0.5951347011978328
23730.56499,23670.995246085015,59.56974391498443,0.25102539252684025
28837.885679999992,28854.877763709486,16.99208370949418,0.0589227792149781
29738.775419999994,29675.359774344088,63.4156456559067,0.21324228977249093
30175.91863,29940.529435891305,235.38919410869494,0.7800564317358611
30282.099419999995,30034.996713229088,247.1027067709074,0.8160025609311186
28722.510330000005,28540.642409343873,181.8679206561319,0.6331895038651096
25567.96731,25552.46876838573,15.498541614269925,0.06061702686943057
30327.45679,30295.39748494558,32.05930505441938,0.10571049618967863
30717.996230000004,30576.23384441849,141.76238558151454,0.46149620085917475
31027.43954,30955.77571542119,71.663824578809,0.2309691861180531
31165.86783,31102.117367566305,63.75046243369434,0.2045521811920433
31308.6055,31172.0959959593,136.50950404070318,0.436012725129847
28997.75354,28914.444804476527,83.30873552347475,0.2872937567682864
25689.76168,25693.329026389136,3.567346389136219,0.01388625723185852
30725.44757,30728.712811808782,3.265241808781866,0.010627157835025366
31599.851749999994,31475.53199239875,124.3197576012426,0.39341880014118297
31513.156250000004,31366.232195453336,146.92405454666732,0.4662308446069007
31782.38578,31663.55712413925,118.82865586075059,0.3738821140844845
31738.27215,31582.92512987858,155.34702012142225,0.48946275142902584
29716.80387,29636.755935977937,80.04793402206269,0.2693692577850657
26051.11252,26027.755667051595,23.356852948403684,0.08965779457776371
31442.61198,31400.84685540466,41.76512459534206,0.13282969182683677
31758.17785,31585.994993609904,172.18285639009628,0.5421685627032795
31934.3327,31895.624009815958,38.70869018404119,0.1212133992204609
31956.244770000005,31889.224792467216,67.0199775327892,0.20972419636648437
31983.6454,31950.843885774306,32.80151422569543,0.10255714699017839
30137.54307,29951.1808455561,186.36222444389932,0.6183723205672031
26541.930100000005,26415.785519747336,126.14458025266867,0.4752652869531468
31887.549630000005,31875.36159632877,12.188033671234734,0.03822191987987737
32281.46510000001,32145.733081824383,135.73201817562585,0.4204642439714603
31385.60472,31336.06260365107,49.542116348929994,0.15784980659416778
31805.42331,31776.473604622657,28.94970537734116,0.09102128619756189
32035.422130000003,31976.9057153864,58.51641461360123,0.18266159995064568
29406.37757,29395.326625824422,11.05094417557848,0.037580093465345785
26241.8106,26273.40139091366,31.590790913658566,0.12038342702488129
30829.85473,30866.42797953683,36.57324953683201,0.11862932815328259
31201.30482,31166.88283510713,34.42198489286966,0.11032226085238976
31541.55011,31662.20993978812,120.65982978812099,0.38254248560176735
31425.80163,31394.636466868953,31.165163131048757,0.09917062259216189
30681.00978,30719.592340904182,38.58256090418217,0.12575388222500078
28910.31309,29031.67021387815,121.35712387815147,0.41977104675538285
24901.63532,24919.470431227823,17.83511122782147,0.07162224889502346
29544.575910000003,29618.302632013238,73.7267220132344,0.24954401863077677
29986.56671,30056.29126822507,69.72455822507254,0.23251931072796211
30355.475400000003,30361.754557461263,6.2791574612601835,0.020685419610526615
30774.13253999999,30788.19006780991,14.057527809916792,0.04567968826300764
31153.39286,31132.10075760551,21.29210239449094,0.06834601447802285
28912.066050000005,28858.945666215597,53.12038378440775,0.18373084681164714
25564.643,25603.069986301223,38.426986301223224,0.15031301747974035
30810.18651,23108.106322384603,7702.080187615396,24.998486085488473
31115.03649,31110.485789649098,4.550700350901025,0.014625405798137392
31444.31322,31453.409757917336,9.096537917335809,0.028929039898858408
30788.189009999995,30732.632211558917,55.55679844107726,0.18044841293858638
28942.95516,29063.188770585166,120.23361058516457,0.4154158064389047
25448.68973000001,25458.571013443096,9.881283443086431,0.03882826011053115
30827.51775,30939.52839045061,112.01064045061139,0.363346284832198
31217.74902,31180.94080610888,36.80821389111952,0.1179079691733633
30927.98563,30890.579643721885,37.40598627811414,0.12094543345180073
31229.19078,31180.929025654634,48.26175434536708,0.15454052167203508
31059.82359,31053.993165584852,5.830424415147718,0.018771595396391363
28986.17981,28973.40493676812,12.774873231883248,0.04407229002103968
25891.33362,25887.761720749466,3.5718992505353526,0.01379573297752498
31093.69972,31139.97725698275,46.27753698275046,0.1488325204124357
31650.91254,31566.486904632864,84.42563536713715,0.26673997237975733
30934.828989999995,30905.92232134679,28.906668653205998,0.09344376418744832
31433.73481,31417.11128571387,16.623524286133033,0.05288434348197338
31310.15619,31340.72951644436,30.573326444358827,0.0976466749601316
29179.77381,29142.642802614693,37.131007385305566,0.1272491268338093
25548.797530000003,25549.25782099341,0.46029099340739776,0.0018016150970193929
30220.42491,30187.33121321524,33.09369678476287,0.10950771500837532
30705.50381,30756.064344156886,50.560534156888025,0.164662773389902
31380.041829999995,31388.548375454517,8.506545454521984,0.027108139309073652
31906.25154,31888.733280369426,17.518259630574903,0.054905414409501335
31016.49607,30933.08921788914,83.4068521108602,0.2689112655492171
29291.686389999995,29293.801602961812,2.1152129618167237,0.007221205818108324
26005.85781,26014.435008735254,8.57719873525275,0.032981795093698356
26574.05039,26595.14693236561,21.09654236560891,0.07938775631112556
31380.15678,31364.92353615021,15.233243849790597,0.048544192932456716
31619.267960000005,31579.413050125764,39.85490987424055,0.12604627635484494
31830.4039,31796.83802613137,33.56587386863248,0.10545223985873606
31008.224120000003,30983.764770697966,24.45934930203657,0.07888020032163186
28745.18082,28805.85533085404,60.67451085403809,0.21107715840779354
24901.471230000006,24923.622209619974,22.150979619967984,0.08895450158495707
30131.59115,30143.287310371143,11.696160371142469,0.038816935730068364
30697.66492,30914.500917931637,216.8359979316374,0.7063599087967287
32414.26982,32379.2677499757,35.00207002430034,0.1079835215128111
31007.19255,30906.52320176415,100.66934823584961,0.3246645050935113
30908.05049,31000.727321471462,92.6768314714609,0.2998469007336635
28479.43983,28569.81970243336,90.37987243336102,0.3173512996493549
24970.07894,25108.275861290775,138.1969212907752,0.5534500776823544
29969.597020000005,30160.072320202493,190.47530020248814,0.6355617663973785
30638.45830000001,30553.38351869366,85.0747813063499,0.2776731794835443
30923.04929,30797.282799474695,125.7664905253041,0.4067079198621428
30432.337980000004,30470.32552010602,37.98754010601624,0.1248262296869254
30221.2566,30227.700576538173,6.443976538172137,0.021322662467225594
28500.584560000003,28515.508996390436,14.924436390432675,0.05236536941554111
25713.080989999995,25819.27432794063,106.19333794063641,0.4129934408946784
30254.546950000004,30247.744208170163,6.80274182984067,0.02248502296558326
31377.703450000005,31341.754280420228,35.949169579776935,0.11456915461343915
30454.48647,30279.732497096415,174.75397290358524,0.5738201268825573
25490.959550000003,25420.68893192796,70.27061807204154,0.2756687834140066
24247.46727,24351.020146896208,103.55287689620673,0.42706677667867915
25650.934929999992,25880.08118381799,229.1462538179985,0.8933251534235542
24690.87322,24701.428460819097,10.55524081909607,0.0427495646875144
30159.28301,30089.63930001017,69.6437099898285,0.23091964741581067
30697.0053,30472.809253264913,224.1960467350873,0.7303515262939584
31006.81863,30944.62081830206,62.19781169794078,0.20059398044068466
31006.13012,30930.186678768292,75.94344123170958,0.24493040872173694
30703.36589,30519.48815484888,183.87773515111985,0.5988846167872699
28405.00575,28150.94774263293,254.0580073670717,0.8944128003461914
25094.19554,25031.877619591174,62.31792040882647,0.24833599590587419
29771.46481,29743.919765498806,27.54504450119566,0.09252162994661753
30037.719699999994,29967.307420863228,70.4122791367663,0.23441286435856287
30026.991540000003,29986.77653668801,40.215003311994224,0.1339295122470808
26250.56179,26231.717331907563,18.84445809243698,0.07178687543218853
29457.94245,29621.50374178545,163.56129178545234,0.5552366464937959
27482.541610000004,27568.009971457144,85.46836145714042,0.310991474769718
24517.16851,24529.60009642963,12.431586429629533,0.05070563684611038
29242.28185,29236.938050612607,5.34379938739221,0.018274221604194715
29807.63485,29740.49269761488,67.14215238511679,0.22525152607039803
30005.62794,30050.505207915212,44.87726791521345,0.14956283536192327
30074.239780000007,30067.58788001069,6.651899989316007,0.02211826479397713
29794.60633000001,29859.514222152287,64.90789215227778,0.21785114873936903
28323.66879,28286.154251832482,37.51453816751746,0.13244943105944806
24256.63337,24188.38676340428,68.24660659571964,0.28135234413908955
30528.988760000004,30537.339173260963,8.350413260959613,0.027352407007665367
31314.122189999995,31121.844106085755,192.2780839142397,0.6140299343139266
30924.64603,30774.34896201936,150.29706798063853,0.48601063318505033
30745.18757,30727.329319846136,17.858250153862173,0.05808470061600009
30639.56242000001,30558.228824232934,81.33359576707517,0.26545286336721496
28315.43866,28349.257235310713,33.81857531071364,0.11943511000056548
25131.15423,25320.5182563077,189.36402630769953,0.7535031004729922
29867.549290000003,29893.526264937853,25.976974937850173,0.08697390832312969
30469.886310000005,30391.697109406206,78.18920059379889,0.2566113959149816
31120.40622,31074.04709251157,46.35912748843111,0.14896697414777868
30942.56928,30956.677746157835,14.10846615783521,0.04559565183539668
31222.05733,31225.251058982776,3.19372898277652,0.010229079234018945
29148.350019999994,29043.38609052471,104.96392947528511,0.3601024737361279
26074.06811,26099.09234481762,25.02423481762162,0.09597364980428295
31144.144120000004,31107.667115880595,36.477004119409685,0.11712315476984018
31085.549800000004,30963.83846104262,121.71133895738603,0.3915367099519212
31775.64897000001,31814.80797960836,39.15900960834915,0.12323590824319564
32024.40366,31988.70915526636,35.694504733641224,0.11146032604574414
31843.09833,31770.194879321924,72.9034506780772,0.22894584541540497
29074.87694,29066.87323839287,8.003701607129187,0.027527895040264226
25331.13654,25272.087991937387,59.0485480626121,0.2331065878918203
26086.13073,26141.011638180087,54.88090818008641,0.21038347445284925
31284.68366,31252.049495802075,32.63416419792338,0.10431355021067003
31317.78487,31236.608462304244,81.17640769575519,0.2592022648878844
31928.19658,31765.05993930248,163.13664069752122,0.5109484974785921
31391.93024,31315.634569819205,76.29567018079615,0.24304230290235299
28817.12946,28750.922415409685,66.20704459031549,0.2297489230570833
26599.74438,26624.42883980866,24.684459808660904,0.09279961286853879
31214.059659999995,31137.003799115202,77.05586088479322,0.24686266933595405
31363.63905,31314.15734106756,49.481708932442416,0.15776775409753485
30850.67738,30860.778957621504,10.101577621502656,0.032743454858632524
31020.035629999995,31104.11198124744,84.07635124744411,0.2710388609809734
30017.20306,30207.50918974711,190.3061297471104,0.6339902134343305
28020.45225,28110.430210859722,89.97796085972368,0.3211153055522995
24446.51935999999,24409.45031375955,37.06904624044182,0.1516332271869145
29940.98238,30029.20917766004,88.22679766003785,0.29466901433057735
30336.27176,30231.43486811731,104.83689188268909,0.345582650076738
30410.37983,30378.551990997457,31.82783900254435,0.10466110315118793
31093.73392,31089.578382216194,4.155537783804903,0.01336455053772745
31400.41831,31317.332448825244,83.08586117475716,0.2646011284133022
29405.65989,29284.793550304992,120.8663396950069,0.41103087006767014
25193.81293,25184.95941677765,8.853513222351467,0.03514161689995317
25103.27555,25179.721338714804,76.44578871480553,0.3045251547454154
29722.2073,29786.818758247133,64.61145824713458,0.21738445464356404
30344.46362,30454.9091200144,110.44550001440075,0.3639724906575915
30721.80673,30706.018142546123,15.788587453876971,0.05139211893569832
30532.493270000003,30429.463557037943,103.02971296205942,0.3374428417979617
28146.779050000005,28113.79668442004,32.98236557996643,0.11717989302213398
24759.07109,24815.04278441126,55.971694411258795,0.22606540531266267
25307.03976,25359.500584238904,52.460824238904024,0.20729735574139718
30639.17809,30929.131988123143,289.9538981231417,0.946350118372714
31630.47454,31562.72897159246,67.7455684075394,0.2141781601217147
31607.624010000007,31412.32600742437,195.29800257563693,0.6178825795758917
31421.59056,31250.745412021646,170.84514797835436,0.5437189681792938
28747.58145,28652.404451126542,95.17699887345952,0.3310782823208925
25627.05036,25689.67049839166,62.620138391659566,0.24435172020187018
31136.970220000003,31124.31743942967,12.652780570333562,0.04063587587660146
31956.2929,31763.22419706351,193.068702936489,0.6041648934081744
31753.8683,31538.43008334372,215.4382166562791,0.6784629029159233
31850.96517,31712.50438615074,138.46078384925931,0.4347145623696003
31855.06077,31713.66270300301,141.39806699698966,0.44387944514660443
30013.72884,29869.064453111878,144.66438688812195,0.4819940489877564
26912.37723,26899.0155368912,13.361693108799955,0.04964887714900672
31862.36245,31764.584302395462,97.77814760453839,0.3068766409206998
32593.933,32474.40321040659,119.52978959341272,0.3667240452185157
32754.604720000007,32670.30416914308,84.30055085692584,0.2573700753758503
32867.364089999995,32723.94925502231,143.41483497768422,0.43634419415251696
33110.86093,32983.06438833257,127.79654166743421,0.385965626015011
30390.699290000004,30219.321442482495,171.3778475175095,0.5639154462427951
27080.01413,27020.185533369044,59.82859663095587,0.2209326640072764
32172.88842,32172.100253260887,0.7881667391120573,0.002449785449235886
33081.490900000004,32965.17725422207,116.31364577793283,0.351597351309015
32668.57953,32568.36066917633,100.21886082366836,0.30677446728785995
33552.71519,33466.3827994545,86.33239054550359,0.25730373848025856
32838.26907,32657.78851242257,180.4805575774335,0.5496043570162314
29869.03628,29741.178735060657,127.85754493934292,0.42806049629714704
25686.30989,25600.343185416208,85.9667045837923,0.33467907594333046
31077.1149,31090.80612275026,13.69122275025802,0.044055642855888213
31724.94705,31629.226042481776,95.7210075182229,0.3017215674697963
31195.0248,31114.061522481778,80.96327751822173,0.25953907085280387
32330.573310000003,32245.847409288584,84.72590071141894,0.26206123813218246
32775.03049,32643.061243745204,131.9692462547937,0.4026517879062199
30294.530169999995,30105.172320230984,189.3578497690105,0.6250562352557208
26211.12771,26070.294487584473,140.83322241552742,0.5373031789158659
31687.533840000004,31596.685214615387,90.84862538461675,0.286701470184897
32050.48357,31924.80244658184,125.68112341815868,0.3921348741701955
32544.88876,32445.612596903742,99.27616309625955,0.3050437929850203
28617.174770000005,28478.564056646876,138.61071335312954,0.484361976565339
31059.40179,31103.092277197928,43.69048719792772,0.14066751025447785
28344.43599000001,28411.09481524371,66.65882524369954,0.235174287000161
25963.4161,26008.517593445107,45.101493445108645,0.17371170754802426
30513.332550000003,30595.69511220812,82.36256220811629,0.2699231952889927
31455.665500000003,31422.322618225993,33.342881774009584,0.10599960688801698
32222.080100000003,32139.22193703499,82.85816296501434,0.25714715719117814
32201.2549,32117.93040440378,83.32449559621818,0.25876164098256366
31266.44426,31110.834392818342,155.60986718165805,0.49768968254805335
28415.697039999995,28428.388010590326,12.690970590330835,0.044661831003005505
25119.6859,25153.323742583158,33.63784258315718,0.13391028342100877
25283.98567,25308.97726280335,24.991592803351523,0.0988435649724505
30887.76048,30837.179222840652,50.58125715934875,0.163758253668473
32129.38912,32032.630067206086,96.75905279391372,0.3011543494727787
31799.72162,31639.126544847644,160.595075152356,0.5050203805914827
31330.17401,31238.65279983101,91.52121016899036,0.2921184227696231
28912.98569,28884.32118622505,28.6645037749513,0.09914058714754373
25915.57047,25932.820356780492,17.249886780493398,0.06656186403637905
31467.56131,31352.952271431055,114.60903856894583,0.3642132844038489
32342.95153,32106.25601170574,236.69551829425836,0.7318302971660124
32492.68614,32289.292421801718,203.39371819828375,0.6259676941510128
32546.90282,32311.556166731814,235.34665326818504,0.7230999968561218
32238.426990000004,32064.813344459883,173.61364554012107,0.5385301385640623
30176.1835,30032.271687257544,143.91181274245537,0.4769052810884961
26586.50096,26430.537947448374,155.9630125516269,0.5866248168056293
31413.578210000003,31371.615995281758,41.96221471824538,0.1335798629424756
31745.15295,31594.817940968253,150.33500903174718,0.4735683878056325
31848.3818,31659.745065680214,188.63673431978532,0.5922961345552109
31995.14060000001,31844.825299851083,150.31530014892633,0.4698066560424063
31906.6608,31708.971468461797,197.689331538204,0.6195864016525476
29423.33268,29325.08061907163,98.25206092837107,0.33392567047700955
25286.57859,25172.835247578772,113.74334242122859,0.4498170522215698
30381.80648,30353.551522894926,28.254957105073117,0.09299959541139542
31228.04342,31001.963725171987,226.0796948280149,0.7239636879818803
32244.58532,32015.632111691873,228.95320830812489,0.7100516444418795
32519.99131,32250.710309102567,269.28100089743384,0.8280475795042082
32511.41256,32278.70767056323,232.704889436769,0.7157636999232524
30341.782090000004,30082.388918883513,259.39317111649143,0.8549042055179146
26709.45731,26600.10551766623,109.3517923337713,0.40941225822970984
32044.65935,31997.92351022604,46.73583977396265,0.1458459559937954
32812.26258999999,32619.72168852043,192.5409014795623,0.5867955644675412
32520.36604,32382.13335178886,138.23268821114107,0.42506498248240837
31526.88415,31418.0501529968,108.83399700320297,0.3452101276021689
31485.96056,31503.71919528364,17.758635283640615,0.05640175801465406
29231.528040000005,29196.70036838746,34.82767161254378,0.11914420472609606
26138.14078,26146.795644082293,8.65486408229117,0.03311201112251094
31983.511139999995,31961.207529190327,22.30361080966759,0.06973471646699135
32881.16119,32663.89014842516,217.27104157484064,0.6607766688024337
32783.46325,32584.445107896932,199.01814210306839,0.6070686937051057
32419.76794,32318.29907456889,101.46886543111032,0.3129845519526884
32528.52994,32380.815523276757,147.71441672324363,0.4541072621348336
29983.06897,29876.419292635746,106.64967736425388,0.3556996699402712
26028.89638,25902.78474932397,126.11163067602683,0.48450625349190024
30941.014599999995,30886.821016615027,54.193583384967496,0.17515128086642479
30939.35136,30806.98764159185,132.363718408149,0.4278167207450757
31593.03957,31786.70726795228,193.6676979522781,0.6130074870547763
31406.554550000004,31275.559319909484,130.99523009052064,0.4170951954693821
31583.60671,31469.428008279425,114.17870172057519,0.36151254911752667
29206.79229,29041.47269084169,165.31959915831249,0.5660313447530341
26047.84361,25950.625904295088,97.21770570491208,0.37322746235926163
30653.12716,30576.803043495307,76.32411650469294,0.24899292038396037
31720.544080000003,31654.698764212513,65.84531578749011,0.2075794022366911
31646.17296,31601.261339541245,44.91162045875535,0.14191801490664466
31625.03299999999,31491.979255121634,133.05374487835434,0.4207228649480125
30672.06299000001,30628.394033365254,43.66895663475589,0.14237371854965625
28567.88767,28604.414148041356,36.52647804135631,0.12785851884916877
24500.59992,24371.05035639319,129.54956360681172,0.5287607814903322
25516.06611,25502.935028498487,13.131081501513108,0.0514620139519348
30615.6025,30535.608080417787,79.9944195822136,0.26128644563572967
31446.01107,31370.13434907678,75.876720923221,0.24129203781782232
30897.071720000007,30656.61552182025,240.45619817975603,0.7782491504659522
31251.60049,31103.318146980466,148.2823430195349,0.47447919688779716
29556.876340000003,29354.020572702084,202.85576729791865,0.6863234293245977
26304.720369999995,26238.639181761395,66.08118823860059,0.2512141825083412
30982.98123,30896.28883760067,86.69239239933086,0.27980649039476196
31540.057639999995,31350.1949230313,189.86271696869517,0.6019732720079303
31319.92474,31255.356289336592,64.56845066340611,0.20615774526732186
31177.59726,31122.492043191913,55.10521680808597,0.1767461948672499
31152.7219,31165.928810862893,13.206910862892983,0.04239408326915082
29088.2638,29045.508688032143,42.755111967857374,0.1469840629259467
26069.20725,26012.73983588196,56.467414118040324,0.21660579693323942
30070.06821,30083.609550097706,13.54134009770496,0.04503262181893454
31168.28427,31148.678182180276,19.606087819724053,0.06290396882254838
31775.344870000008,31735.762983478733,39.58188652127501,0.12456792108225198
31967.553380000005,31934.594171828332,32.9592081716728,0.10310206658571879
31071.58954,30992.07455007031,79.51498992969209,0.25590898665589185
29546.08982000001,29517.259123574262,28.830696425746282,0.09757872057313834
